timestamp,load,temperature,humidity
2026-01-01 00:00:00,120.07097151737894,-0.23625681696996814,61.900468642805976
2026-01-01 01:00:00,117.6281070839257,-2.559976159360743,67.4320374995365
2026-01-01 02:00:00,112.42144063645515,0.43234435710807073,54.81191097819777
2026-01-01 03:00:00,115.9330925818038,1.6166184405268735,56.21678917786852
2026-01-01 04:00:00,106.64318347086964,-1.290513813659682,60.263751725241946
2026-01-01 05:00:00,104.87009775660619,1.5467307397065237,65.14615200839577
2026-01-01 06:00:00,111.16977687563278,5.862389198828241,58.157849589695296
2026-01-01 07:00:00,110.51111854599264,7.525636111484626,58.28144283219598
2026-01-01 08:00:00,107.2387721455518,10.304169669666253,50.3361815068883
2026-01-01 09:00:00,106.08213891638994,11.22043410863963,49.66504508727672
2026-01-01 10:00:00,111.3727492157706,15.68305799297317,50.7969947557896
2026-01-01 11:00:00,117.54222800303131,16.96091653720337,48.60608976304364
2026-01-01 12:00:00,119.6092726491659,16.792378482943437,50.21231367023763
2026-01-01 13:00:00,124.05496980129337,18.69086181045205,46.484297578853
2026-01-01 14:00:00,131.8121466931998,17.394596449979684,48.91875401938014
2026-01-01 15:00:00,130.44092440606875,14.505289939735091,50.870125302927256
2026-01-01 16:00:00,139.90914207713905,14.917087206802677,52.39963240181264
2026-01-01 17:00:00,136.233400549801,11.061676098756502,55.57168396682821
2026-01-01 18:00:00,142.7486816243149,11.647046857883598,47.82274653051781
2026-01-01 19:00:00,139.2822770556741,7.925111133520622,48.91810542716094
2026-01-01 20:00:00,138.58057865803318,5.393335048759422,60.690568153946984
2026-01-01 21:00:00,131.63497670328587,2.4786056833940906,63.58029073307054
2026-01-01 22:00:00,129.92232872985687,3.469850977332121,56.162250159594294
2026-01-01 23:00:00,127.93416924402355,-0.026022857163148616,56.44131206609364
2026-01-02 00:00:00,125.33031468031179,-1.3358241698462758,63.36576379889863
2026-01-02 01:00:00,119.33350856719028,-1.5282003257323444,66.01507493963746
2026-01-02 02:00:00,112.83193841139327,0.10513134172840788,67.30867849392023
2026-01-02 03:00:00,108.12506063432707,0.7539374624861703,62.94574274631542
2026-01-02 04:00:00,104.79751740938237,2.255137886715055,59.08073960087087
2026-01-02 05:00:00,101.78829850656774,4.1462315045118245,56.00362293163595
2026-01-02 06:00:00,107.76668759881404,8.883099995383006,54.92787387870556
2026-01-02 07:00:00,108.43559447255231,7.390377475423077,55.18990390800577
2026-01-02 08:00:00,106.6472553313717,9.561007312315379,51.30599043296125
2026-01-02 09:00:00,101.7745619391819,11.279340907628184,59.122794226487315
2026-01-02 10:00:00,110.10799588008005,15.287930164542171,55.12516107458266
2026-01-02 11:00:00,116.02388471158834,17.487687073141284,51.417996392153256
2026-01-02 12:00:00,124.45909122575543,16.5224112501193,46.01951980647718
2026-01-02 13:00:00,119.7622414094869,15.739765284556208,51.97324574524687
2026-01-02 14:00:00,123.97488870954697,15.456610613064756,51.553590738041905
2026-01-02 15:00:00,135.11599635196882,16.770117815797,49.91154261997456
2026-01-02 16:00:00,137.1233922490572,15.478842287484092,53.365921971144054
2026-01-02 17:00:00,138.91534802867486,13.314731402457792,53.254328306617595
2026-01-02 18:00:00,136.95490981325634,9.331106844989648,56.755157232921285
2026-01-02 19:00:00,138.0175496186513,8.348241984600081,57.23212526243656
2026-01-02 20:00:00,138.21531118448132,5.845657307788405,58.345848377775596
2026-01-02 21:00:00,132.67903876629927,3.8280328950935223,53.58674029478263
2026-01-02 22:00:00,134.0479647754521,2.943182136243361,59.89631752323698
2026-01-02 23:00:00,125.04264577423626,0.541164689102078,59.89849237217096
2026-01-03 00:00:00,118.05117020376954,0.3250379080062271,57.900446800674956
2026-01-03 01:00:00,111.79893443760423,-0.8986313957666628,67.7643549745158
2026-01-03 02:00:00,105.56320731953858,-0.2596533385666389,67.39470869351042
2026-01-03 03:00:00,103.38245648998561,1.1527037046978634,65.15549883712855
2026-01-03 04:00:00,96.18989948940398,-0.5496947604624274,63.205396058937566
2026-01-03 05:00:00,93.51714163420928,3.0204931754640487,63.635480822486734
2026-01-03 06:00:00,93.85437679407377,4.96506961263812,58.06410385169498
2026-01-03 07:00:00,92.0915016016138,7.041683227634987,56.975045248585346
2026-01-03 08:00:00,96.79666264257584,9.91665802908266,50.78625946534792
2026-01-03 09:00:00,98.82520135724369,14.742411966851595,51.39704434001524
2026-01-03 10:00:00,102.83657584125552,13.065214357139062,51.728986299562
2026-01-03 11:00:00,104.69784408659935,17.24664616594717,44.29472671673887
2026-01-03 12:00:00,105.72660927421735,14.169027779177908,50.51118644120788
2026-01-03 13:00:00,110.89910384274012,16.497672455021338,48.5626733444125
2026-01-03 14:00:00,120.82978573873635,16.937462034259124,53.842713872526616
2026-01-03 15:00:00,124.19162129794765,16.673562131098866,51.34379028066113
2026-01-03 16:00:00,125.86862691311329,15.430800900368212,49.689695596979824
2026-01-03 17:00:00,129.49952954678972,13.690020852799888,51.794345247163335
2026-01-03 18:00:00,122.71858150993842,9.806283797550034,54.287610096272566
2026-01-03 19:00:00,125.56111949942517,7.3064723110031515,55.546080196810834
2026-01-03 20:00:00,132.44250105190412,6.957592415963044,53.1866444750647
2026-01-03 21:00:00,126.33616135144689,3.2130435126775803,58.97640955703715
2026-01-03 22:00:00,120.5039546336069,-0.27749051568580674,59.9836976425911
2026-01-03 23:00:00,117.5599673164489,-1.4941594550651662,59.444380947282696
2026-01-04 00:00:00,114.96872899340661,-2.0725108656040323,65.19167413612583
2026-01-04 01:00:00,106.10133509708069,-0.2542588839193539,63.37720108693519
2026-01-04 02:00:00,101.05967453444214,-0.47969383249576725,57.02363253189238
2026-01-04 03:00:00,102.79807431539894,1.2414993970417052,60.638746569881256
2026-01-04 04:00:00,97.3507983276161,0.995159999816271,64.19097615784675
2026-01-04 05:00:00,100.57223920543468,3.7378095366150723,62.18742358739691
2026-01-04 06:00:00,97.58376992934184,6.609014185028318,59.79029918063306
2026-01-04 07:00:00,91.54101692511534,7.535980190419642,56.08795546836866
2026-01-04 08:00:00,93.74034149623598,11.014534262258802,50.6532366062855
2026-01-04 09:00:00,90.67728002658426,11.507111088400023,49.5432146472058
2026-01-04 10:00:00,98.9311786477023,13.81938026083132,51.978310505586016
2026-01-04 11:00:00,104.06570755501103,15.221621793062454,50.96054266864553
2026-01-04 12:00:00,106.64341775453886,14.899572968218056,53.94233496024075
2026-01-04 13:00:00,116.69123454057363,17.730458721178373,51.11557197408355
2026-01-04 14:00:00,121.17666359256191,15.98922892629753,48.811930889368455
2026-01-04 15:00:00,122.15956054970863,15.81296981215148,45.617006513696204
2026-01-04 16:00:00,120.10530540359551,15.085081019037792,48.97461539373707
2026-01-04 17:00:00,127.66019023400452,13.169796764044916,52.115856173195645
2026-01-04 18:00:00,130.44653358747746,11.327449069381869,52.33179100832629
2026-01-04 19:00:00,129.16347534175725,7.8522717732358664,53.98450025717834
2026-01-04 20:00:00,128.95346734767398,5.035681126011082,58.73010954410083
2026-01-04 21:00:00,122.25907011937642,3.380422683640404,57.783788628855845
2026-01-04 22:00:00,123.63087953224937,-0.8949626816159686,60.83177189411665
2026-01-04 23:00:00,114.16196104272251,-1.9648973426945764,64.50627637706597
2026-01-05 00:00:00,119.51869384271183,-2.677381855133219,62.935927743718956
2026-01-05 01:00:00,112.37728088270424,-2.4958702414022227,64.72900936005684
2026-01-05 02:00:00,111.58124599447673,-0.09367109651646022,62.894548945769536
2026-01-05 03:00:00,113.10233107336448,-1.1524472171000384,59.50367077040531
2026-01-05 04:00:00,107.93423582141932,1.0687951382619878,59.701240517794176
2026-01-05 05:00:00,110.55062418118459,5.448842446679099,61.95425686240611
2026-01-05 06:00:00,106.76452096471158,5.136232637485175,54.404775351809
2026-01-05 07:00:00,106.78500562347472,9.10627335270063,48.3650179709279
2026-01-05 08:00:00,109.0186821296921,8.928944885907871,49.27130863154616
2026-01-05 09:00:00,108.45822917069515,12.191843663198554,52.333854909171166
2026-01-05 10:00:00,105.60488479992793,12.938927948313056,51.741609475447646
2026-01-05 11:00:00,110.92947793158598,15.285679020209104,49.41862421755736
2026-01-05 12:00:00,120.5825780929247,17.95379464278771,51.27953377255534
2026-01-05 13:00:00,122.0040963341856,14.409019365211478,42.454281208522005
2026-01-05 14:00:00,123.54159300358576,17.344967901920402,49.31182730175615
2026-01-05 15:00:00,128.24634158595418,16.150832037558366,53.76364897536403
2026-01-05 16:00:00,130.577850654517,13.472736097133737,47.838468827617874
2026-01-05 17:00:00,131.73437533026157,10.330913218417319,52.59584988989646
2026-01-05 18:00:00,132.3034929262084,10.437565667493494,51.39127171431934
2026-01-05 19:00:00,133.14857908381913,7.205760936404298,53.55235311264397
2026-01-05 20:00:00,133.2317024837199,6.0196429111093686,56.205499656043386
2026-01-05 21:00:00,134.97018095407307,3.532778218285167,63.45623327642538
2026-01-05 22:00:00,135.62005204429508,4.038707306302449,64.2811941814206
2026-01-05 23:00:00,127.8753732791935,-0.15326207526948177,61.114791985095145
2026-01-06 00:00:00,120.93486081181888,-2.2285786755344126,69.49804358262094
2026-01-06 01:00:00,119.15743505370182,-0.7310865475655257,62.6915986690063
2026-01-06 02:00:00,113.49436325884801,-0.3633374106439674,67.55174300861842
2026-01-06 03:00:00,110.3509140160466,2.2445527288007074,59.924461867998964
2026-01-06 04:00:00,107.28641913837006,2.8887058381929402,60.08220880758408
2026-01-06 05:00:00,105.22805722696961,4.035306588724265,59.86817814694909
2026-01-06 06:00:00,104.49630575825122,7.8655829309066565,65.24409469337728
2026-01-06 07:00:00,103.91025672996632,6.216855418515724,59.58037238972179
2026-01-06 08:00:00,107.06005873327163,9.369744106798064,52.382411124707154
2026-01-06 09:00:00,103.41634590389934,11.110136087891712,56.0188847405142
2026-01-06 10:00:00,109.59098279320273,13.779246325945275,49.89110532799075
2026-01-06 11:00:00,111.94658075300656,13.729199412725485,49.547389921115986
2026-01-06 12:00:00,120.02876794189473,17.64605885682322,50.60895699421776
2026-01-06 13:00:00,123.09544861009614,16.66666595435184,48.75992399983198
2026-01-06 14:00:00,121.25238057967695,14.487122994847628,51.24602934765731
2026-01-06 15:00:00,124.3544724215361,14.270860012248637,50.62526765579697
2026-01-06 16:00:00,132.40060016930195,14.834231801854223,51.14236393833293
2026-01-06 17:00:00,139.21194333581954,13.757189851841572,52.26914581083519
2026-01-06 18:00:00,135.19475932858683,13.324467743460369,45.52952500711546
2026-01-06 19:00:00,141.6192128747537,12.370793699010996,54.1030830466198
2026-01-06 20:00:00,140.71220645290546,6.292242743991307,54.02014754531605
2026-01-06 21:00:00,133.20561096128571,2.015692819952206,56.06054833736
2026-01-06 22:00:00,128.82795337246284,-1.5620304517758878,63.07439062984466
2026-01-06 23:00:00,125.33597936140491,0.6073385594558083,61.76607216237871
2026-01-07 00:00:00,121.22932925098966,-1.912744079567104,61.449676769936836
2026-01-07 01:00:00,113.90348994674886,-1.623035890269528,65.79152428521955
2026-01-07 02:00:00,106.91515741612992,-1.6114776351913274,59.26265660904034
2026-01-07 03:00:00,111.50655561221005,-0.005414963684525043,60.78350072462994
2026-01-07 04:00:00,107.84624291905111,3.2350093155025377,57.65737014279897
2026-01-07 05:00:00,105.53447528190304,3.7355728511680177,58.871779908047564
2026-01-07 06:00:00,101.56785246574174,5.432676338519281,58.49045178312629
2026-01-07 07:00:00,99.36027733131738,6.4465193707612825,53.81910565452034
2026-01-07 08:00:00,101.9442937046012,7.81734698886615,57.91897044127576
2026-01-07 09:00:00,104.81057014954763,11.770538136390003,52.7725765958921
2026-01-07 10:00:00,111.37860135020071,14.283287204451447,44.89753147650311
2026-01-07 11:00:00,118.89640845330365,18.44612350442977,41.367326875265086
2026-01-07 12:00:00,121.15928576404681,16.888744218810945,48.45204674616331
2026-01-07 13:00:00,125.86777614773965,18.474109266534587,46.55781063341327
2026-01-07 14:00:00,131.13660252437,15.944389038792886,48.93422842824179
2026-01-07 15:00:00,127.35685989714037,14.016812984434411,50.702602242861815
2026-01-07 16:00:00,131.09539590732564,12.916285887330371,52.34365080866625
2026-01-07 17:00:00,136.74454739218248,11.41216090319637,55.713220106987805
2026-01-07 18:00:00,143.46947008613265,13.522076004575435,47.84902449358698
2026-01-07 19:00:00,133.83435980182787,6.7679199811634225,53.06974923636688
2026-01-07 20:00:00,135.3886730391246,6.92836239968183,53.17733850659239
2026-01-07 21:00:00,135.6540677192728,2.145609232869463,61.15026261521055
2026-01-07 22:00:00,134.03956269174586,3.033398488632442,63.30812334503339
2026-01-07 23:00:00,129.23629302368383,0.7831978150988493,60.07942343320239
2026-01-08 00:00:00,123.06598490600032,-0.9282892830887508,55.237531893992035
2026-01-08 01:00:00,118.1016645013798,-1.061143789203151,57.7369364435314
2026-01-08 02:00:00,114.66015483231897,-1.6755139797457008,60.841301015408526
2026-01-08 03:00:00,111.55073926359691,0.8748796681631736,59.626909602983815
2026-01-08 04:00:00,107.93380630304685,0.9535637488099024,60.0119831191879
2026-01-08 05:00:00,104.81441858944694,1.6615913543491287,60.78647028546345
2026-01-08 06:00:00,101.45894507952254,3.7537222325978843,58.061783221454355
2026-01-08 07:00:00,106.05073434299706,8.25888187658318,58.54091333036368
2026-01-08 08:00:00,116.51929577820236,12.698008290538338,49.81354145052522
2026-01-08 09:00:00,107.229303806518,12.739987420360157,49.22105618528525
2026-01-08 10:00:00,111.82180948792369,14.186003541514104,52.08782378235011
2026-01-08 11:00:00,113.72348998646413,16.222967843463763,44.41469951545063
2026-01-08 12:00:00,122.13508153693596,18.652335049161852,48.247207076630524
2026-01-08 13:00:00,124.50285400519041,17.329073752045783,48.44440054954217
2026-01-08 14:00:00,128.83193545058546,16.07694159035101,48.69611925796469
2026-01-08 15:00:00,135.82850949170904,17.45366169914978,52.801898962127964
2026-01-08 16:00:00,136.19833115286133,15.007095688371349,48.127701113418766
2026-01-08 17:00:00,141.59036754950284,14.803633987993988,56.33798732117704
2026-01-08 18:00:00,132.79083295194056,10.60422306175555,52.84032720291126
2026-01-08 19:00:00,137.82566507437667,6.163296452419251,53.23831350315392
2026-01-08 20:00:00,134.90207846587097,3.618389795208815,59.31504690681742
2026-01-08 21:00:00,138.6729502604554,5.976391898346877,53.990150880366194
2026-01-08 22:00:00,131.72804775553317,4.221537550496022,56.36750241616268
2026-01-08 23:00:00,125.14998698933445,-0.06350745398384633,63.24190586323355
2026-01-09 00:00:00,122.49560641678409,-1.2681134183055969,64.68123700059485
2026-01-09 01:00:00,121.13753808543935,1.1921664383633033,59.17976374854658
2026-01-09 02:00:00,114.81340616289268,-2.353900959666847,66.84533620287269
2026-01-09 03:00:00,112.93532221535983,-1.1363191624936868,66.38157860405835
2026-01-09 04:00:00,105.64107759585438,2.601029161354639,64.22808194060616
2026-01-09 05:00:00,107.68488284180313,2.9080923157106167,61.26176636880868
2026-01-09 06:00:00,105.91678308497038,5.662945793997206,61.55992950105934
2026-01-09 07:00:00,104.93635407814246,7.754835652213231,50.15373619430724
2026-01-09 08:00:00,103.2789891374777,10.835733229121086,52.37769377081774
2026-01-09 09:00:00,111.15391217710979,14.611222791970576,47.71000599745326
2026-01-09 10:00:00,106.33698201444601,14.499838391031545,50.75780687055694
2026-01-09 11:00:00,116.27883655788715,16.760136823975234,46.8775428832296
2026-01-09 12:00:00,112.56088252597434,13.618074285055082,50.607067046106735
2026-01-09 13:00:00,121.4340988233505,16.926922397104825,54.10498672292829
2026-01-09 14:00:00,125.09886230335472,15.428487031162309,49.148050985809014
2026-01-09 15:00:00,131.25265469189182,13.966009043424506,52.068569716831036
2026-01-09 16:00:00,132.00593345247145,13.046732480285803,50.86580602599865
2026-01-09 17:00:00,132.98723755026532,11.998814838948782,52.62808799271147
2026-01-09 18:00:00,136.12074262561688,11.703225219456709,52.655469865742845
2026-01-09 19:00:00,137.80365595625858,6.010410923390656,58.53664345920696
2026-01-09 20:00:00,137.41719917842727,5.716575832968939,60.92266194026638
2026-01-09 21:00:00,132.4609640333209,2.773745849999635,64.72318531281029
2026-01-09 22:00:00,129.36530922212597,1.1445293277781348,62.01323678350499
2026-01-09 23:00:00,124.42027691569442,1.7099081038969608,62.40071417498923
2026-01-10 00:00:00,117.81548785137348,0.11384071890427394,58.45633389731988
2026-01-10 01:00:00,108.76774695344542,1.0060971611641154,60.93149204382184
2026-01-10 02:00:00,107.49129938227847,-0.9250909554764659,65.56094115903194
2026-01-10 03:00:00,102.29684254813743,-0.8381425515660017,65.26841995650426
2026-01-10 04:00:00,105.33459237382841,1.3002507440003233,61.59462860318489
2026-01-10 05:00:00,96.85599941768879,3.8637451869068333,61.56818572917839
2026-01-10 06:00:00,96.39984002416476,5.93548863175788,58.723909221575155
2026-01-10 07:00:00,99.44435621482909,6.37341789164995,60.50218446145801
2026-01-10 08:00:00,101.5971498519716,10.465106078364498,54.49599260817973
2026-01-10 09:00:00,99.39782882374072,12.842342495208358,50.65903105712021
2026-01-10 10:00:00,106.88268474511783,18.14017208697981,48.49538610121522
2026-01-10 11:00:00,110.18687238914299,18.60949555098245,38.32062043165571
2026-01-10 12:00:00,110.65552432066514,15.413467410763385,50.817883280544436
2026-01-10 13:00:00,112.16434846844211,16.568924957676234,37.79962155821466
2026-01-10 14:00:00,115.16079012114614,14.49816943384611,45.23107423070685
2026-01-10 15:00:00,115.96536270624323,14.90816811311472,51.42877131233118
2026-01-10 16:00:00,123.8411749653373,14.83736853606444,51.56269318294883
2026-01-10 17:00:00,129.43283176210048,14.30878043133235,47.06568931451432
2026-01-10 18:00:00,126.86183147220495,9.235745649307276,52.47509735491737
2026-01-10 19:00:00,122.47000438360753,7.018780339898307,60.49659869392375
2026-01-10 20:00:00,124.4903928403672,2.44969504946933,58.588153565706506
2026-01-10 21:00:00,124.73796221918079,3.256001119182641,66.12396004186284
2026-01-10 22:00:00,118.37822677421447,0.04241735153173121,61.96030655924557
2026-01-10 23:00:00,115.78938472648451,-0.588387775109056,63.694818750731045
2026-01-11 00:00:00,108.49875211989925,-2.0086236038529974,68.45752207857822
2026-01-11 01:00:00,105.84509208954161,-1.1413938313788354,63.30619641368333
2026-01-11 02:00:00,100.99907159295468,-3.3299250236365623,61.65690807683684
2026-01-11 03:00:00,102.08460561880969,-1.994796502146433,63.266654846634275
2026-01-11 04:00:00,101.20639511816404,4.829909637363519,58.02924008153891
2026-01-11 05:00:00,97.77254611170805,1.5688661280889544,56.65068214092414
2026-01-11 06:00:00,93.63330602409593,4.025450226395353,58.012143604861244
2026-01-11 07:00:00,99.17987756186908,10.75537029248197,51.16912748402211
2026-01-11 08:00:00,102.4201182802762,14.686972159783295,53.02349554373567
2026-01-11 09:00:00,101.46632700792713,10.742650056761988,53.509715577146174
2026-01-11 10:00:00,101.18652857746338,13.811587595496881,50.102342676159786
2026-01-11 11:00:00,102.30278203479176,16.306561960470713,48.636204639755704
2026-01-11 12:00:00,108.15883346096336,19.286378903210004,47.240262932650495
2026-01-11 13:00:00,110.8280141817505,15.519714382357645,51.434671093183226
2026-01-11 14:00:00,113.70593701328275,16.32541566768845,45.9405307798411
2026-01-11 15:00:00,122.68731352136943,16.960234998152565,45.30704910361413
2026-01-11 16:00:00,124.38924585858764,15.016110142378857,53.3011495323045
2026-01-11 17:00:00,132.04424936677123,11.935765893154851,51.214376668861924
2026-01-11 18:00:00,124.68711898194984,10.128636959148627,49.64656415489048
2026-01-11 19:00:00,125.35439569608556,5.937656287445029,58.58131309819329
2026-01-11 20:00:00,122.85106280631624,5.3133679781153145,59.139415035605815
2026-01-11 21:00:00,121.96014832311066,3.10041876498657,54.927519216240626
2026-01-11 22:00:00,121.74378546618603,1.9842938037604598,61.10101010338245
2026-01-11 23:00:00,111.53977608090844,-0.6272194622884695,64.7085248471159
2026-01-12 00:00:00,120.20613015113166,0.013975347216093392,63.111979077345914
2026-01-12 01:00:00,124.65626956379134,0.5190737267297427,63.48068546990039
2026-01-12 02:00:00,115.85151583784167,-0.4601884450989161,58.155343461806886
2026-01-12 03:00:00,113.03241346011272,0.733405978538858,62.4063956821575
2026-01-12 04:00:00,111.80708177759227,1.7157719906878734,59.719523129038365
2026-01-12 05:00:00,107.14094768001203,3.500126589637122,57.751528252116366
2026-01-12 06:00:00,103.19633966723951,4.5882915437630425,60.94103359324875
2026-01-12 07:00:00,99.67896946005196,8.474741392509962,59.65803041801472
2026-01-12 08:00:00,106.47191839335242,10.183441508302451,59.23635695715912
2026-01-12 09:00:00,111.53182324072492,15.639752463395892,53.432621643801
2026-01-12 10:00:00,112.21633382466541,16.72399338439179,48.291602747596016
2026-01-12 11:00:00,116.21989039835763,16.3729984628947,49.95976171876327
2026-01-12 12:00:00,116.77972752324685,15.548746622059465,51.86147131770515
2026-01-12 13:00:00,119.54072371045908,15.331382792024874,50.098427614278485
2026-01-12 14:00:00,129.4728487689586,18.480046866234915,47.6082550707467
2026-01-12 15:00:00,128.39753327032722,16.188352471780657,51.52057741820402
2026-01-12 16:00:00,136.34968820597862,15.084176135766345,49.75481115330913
2026-01-12 17:00:00,130.29792955431066,9.883121019538711,51.90564237524804
2026-01-12 18:00:00,134.99180997161542,11.72052912825996,51.380157499884454
2026-01-12 19:00:00,141.81830398552654,8.681630507321547,56.95642672734399
2026-01-12 20:00:00,138.3054802519879,4.004982567455595,58.80499381963539
2026-01-12 21:00:00,133.9465510227808,2.7927127888250793,60.78645969954495
2026-01-12 22:00:00,128.9011645460846,2.0316147758558554,62.38494590592188
2026-01-12 23:00:00,125.46899642904849,0.28447156347442004,60.647898360527634
2026-01-13 00:00:00,122.53943474803779,-1.1315892153069478,65.17401586313498
2026-01-13 01:00:00,118.92112601363064,-1.1552324020989413,64.06071373205434
2026-01-13 02:00:00,114.54334647374458,-1.0712985039119431,59.15259954239512
2026-01-13 03:00:00,111.63253113232284,0.43461513409375574,65.97922226628373
2026-01-13 04:00:00,110.43661176030614,3.843276928810808,57.4231442256806
2026-01-13 05:00:00,99.65567731638477,-0.3499876613969457,57.31470409956201
2026-01-13 06:00:00,101.99575471705607,5.3153531973127865,54.612586313390864
2026-01-13 07:00:00,107.17086148489136,8.26476863205867,52.3250496123181
2026-01-13 08:00:00,104.1007893668114,10.773362390453334,53.53783004360993
2026-01-13 09:00:00,106.94820628667041,11.942128128018066,51.624745980946834
2026-01-13 10:00:00,106.3840285348756,11.728878356961054,51.60640141150938
2026-01-13 11:00:00,114.46095347331024,16.286221859631112,50.830128408742546
2026-01-13 12:00:00,120.54424009197152,19.284357757847893,47.59213987729979
2026-01-13 13:00:00,125.012220817255,14.699207892625793,51.188777297832225
2026-01-13 14:00:00,130.25870360566827,17.9890744571489,48.83822580626696
2026-01-13 15:00:00,127.79054535759917,15.301440799375607,51.60725136450623
2026-01-13 16:00:00,134.4132924219541,14.271974511935658,44.258560365119145
2026-01-13 17:00:00,132.37161665218238,10.920652233944077,52.170163456051355
2026-01-13 18:00:00,133.88043433548532,9.827687147388874,47.597220088620475
2026-01-13 19:00:00,138.730702204837,9.95006689204844,54.14812626675463
2026-01-13 20:00:00,135.9207601770561,6.544611457058873,56.75041191767986
2026-01-13 21:00:00,138.6150646540894,6.098467408114919,60.257822897877105
2026-01-13 22:00:00,132.00822551404752,3.4021568027876166,62.841177735933265
2026-01-13 23:00:00,126.69756365985849,0.8644013843344189,61.916804037289566
2026-01-14 00:00:00,124.12331696466806,1.922569352650073,58.96086128568924
2026-01-14 01:00:00,118.66487676026466,-0.34151026189255185,63.72869154715125
2026-01-14 02:00:00,119.10346206460599,0.5486498285939732,59.977327225151875
2026-01-14 03:00:00,113.89253829311073,-0.2390850643620097,62.18709009715956
2026-01-14 04:00:00,113.79441921630752,1.7358576931098797,63.569722796394394
2026-01-14 05:00:00,112.7703959535622,2.4538642650495857,58.363594549992065
2026-01-14 06:00:00,106.22644459428761,7.155004495969592,58.69303232095183
2026-01-14 07:00:00,104.17957637606929,6.232544565327702,59.046168453814744
2026-01-14 08:00:00,104.48277797355719,11.502896919549178,49.93330701296819
2026-01-14 09:00:00,105.84734649572258,12.214023413742261,55.15046365365839
2026-01-14 10:00:00,110.98084870849866,16.120831670879905,51.19903369941059
2026-01-14 11:00:00,113.44281449659894,16.92053211715684,48.769351968392506
2026-01-14 12:00:00,118.72882433362243,19.424301673071817,44.173588287459594
2026-01-14 13:00:00,123.84140551254487,18.096162036707966,44.945452314906916
2026-01-14 14:00:00,121.90512253419686,14.335272053121754,48.91879462679353
2026-01-14 15:00:00,131.2749435123123,15.693798874712646,51.07274429010576
2026-01-14 16:00:00,129.70533793740498,12.605950241786706,49.04836430436644
2026-01-14 17:00:00,140.89396930545848,11.722580236450588,53.93447255669914
2026-01-14 18:00:00,139.37391024156022,12.596214055837772,48.1977621686946
2026-01-14 19:00:00,138.65781968039147,8.956300716346545,54.22275367360622
2026-01-14 20:00:00,131.93753924918042,4.6222329512091935,58.63115690275467
2026-01-14 21:00:00,135.3971215621943,1.9794239503394042,67.75185127490523
2026-01-14 22:00:00,134.14942826724862,1.6852121086354672,56.51988334653053
2026-01-14 23:00:00,127.10173573313426,-1.619068858131637,67.71129878597571
2026-01-15 00:00:00,118.84500427101267,-1.7000428526964868,63.809561524119026
2026-01-15 01:00:00,118.95124004873506,-0.5319857926731342,63.65910438818639
2026-01-15 02:00:00,114.0825885047099,1.0396356175584291,61.52333524611787
2026-01-15 03:00:00,115.95612492814257,1.1189135742767125,62.43904959516433
2026-01-15 04:00:00,108.53728842369657,-1.8008952935760778,62.97966092177481
2026-01-15 05:00:00,107.33914962991788,3.9565500935453906,63.196910469536064
2026-01-15 06:00:00,99.77609972637369,5.77867895392618,56.00764340418489
2026-01-15 07:00:00,102.12521253560107,8.62083542805904,58.50003537409051
2026-01-15 08:00:00,109.86553426872032,12.753685928399497,49.86394989664133
2026-01-15 09:00:00,109.53920022385529,9.405142584792886,54.29513039296183
2026-01-15 10:00:00,113.73280961896873,13.47730589289227,48.002267628815524
2026-01-15 11:00:00,112.62365751781243,16.68058811824998,50.020600666442576
2026-01-15 12:00:00,116.76594039809841,14.320940837420702,54.87862520084304
2026-01-15 13:00:00,127.34119661766145,19.21392357208026,46.396792602873234
2026-01-15 14:00:00,124.7060688976471,17.245867355652603,47.61264901936619
2026-01-15 15:00:00,131.2983973623283,17.064104612825055,45.00486542053618
2026-01-15 16:00:00,133.6235348324213,13.507545538396238,50.50608560862608
2026-01-15 17:00:00,136.1670736984931,13.720645534949316,46.24510079287597
2026-01-15 18:00:00,133.8509720139702,11.932078739906247,49.71570304791852
2026-01-15 19:00:00,135.49731372601957,8.349317030205754,56.000904514162805
2026-01-15 20:00:00,134.9032446403395,6.022229933125356,61.1392556467239
2026-01-15 21:00:00,133.4965250176287,3.9055148589225914,67.30322069655044
2026-01-15 22:00:00,128.02122696236088,0.3410210722120035,59.96742788701769
2026-01-15 23:00:00,125.13759632868305,-0.015521654420474762,66.3183177934727
2026-01-16 00:00:00,122.37307785953212,-0.9221162352801533,63.46895042942907
2026-01-16 01:00:00,120.63113892809514,-0.42490920346975736,61.88618442253667
2026-01-16 02:00:00,116.37671344723046,0.8064039337638267,62.6526602081674
2026-01-16 03:00:00,109.36007544665338,-1.3820327570275612,63.29137565666193
2026-01-16 04:00:00,108.15937210416796,1.448525423841706,61.17236683776329
2026-01-16 05:00:00,103.93187684397154,5.722183321488461,56.19725385432922
2026-01-16 06:00:00,104.93063837361038,4.555246250858467,54.161474019916675
2026-01-16 07:00:00,104.17622848067177,6.76662497406452,51.955824413182135
2026-01-16 08:00:00,106.66886629212645,10.632830693669476,55.4534700949081
2026-01-16 09:00:00,112.40504342494725,13.76657778572798,50.156637501160475
2026-01-16 10:00:00,107.7300672294894,14.381100114019917,48.70685320981556
2026-01-16 11:00:00,111.09663911503928,17.787669519715433,47.795381264397115
2026-01-16 12:00:00,119.95529235598363,17.978523410451405,50.00197803038576
2026-01-16 13:00:00,124.69837932588933,18.262730100335094,47.930907748811116
2026-01-16 14:00:00,128.85480052966048,17.524507188587755,46.01222943920689
2026-01-16 15:00:00,133.55477786972608,19.285708284579076,50.25031223928359
2026-01-16 16:00:00,135.7924721324955,14.056218497379863,55.492581711041005
2026-01-16 17:00:00,135.6228163758318,9.49471656190023,55.887896716448374
2026-01-16 18:00:00,140.3957668219524,12.735752948198401,54.732388175473545
2026-01-16 19:00:00,136.4491746884067,7.313450853564763,59.87511930758962
2026-01-16 20:00:00,130.4918992193485,5.832449260591862,60.72433854074005
2026-01-16 21:00:00,136.14424766118026,5.464326027290793,59.470836709505235
2026-01-16 22:00:00,132.14405514769967,-0.7673503422673118,64.40892141503849
2026-01-16 23:00:00,127.36323882174095,-1.6716994552191546,64.89634128421483
2026-01-17 00:00:00,112.20910050028087,-3.095249342279896,61.18418645018278
2026-01-17 01:00:00,110.10777594160294,-2.1912044350381357,65.85513301860927
2026-01-17 02:00:00,109.03885840444359,-0.03387752757612483,57.95966010868124
2026-01-17 03:00:00,108.1790868528984,0.9920531301592093,58.82255913049747
2026-01-17 04:00:00,99.51490632544885,2.050450238313903,64.27033501277315
2026-01-17 05:00:00,94.92540620162919,1.3808511741614513,63.41597954875343
2026-01-17 06:00:00,94.2412526478014,2.2054734391283475,64.69781611775491
2026-01-17 07:00:00,96.17471750947249,8.081530378085574,54.719752546469664
2026-01-17 08:00:00,94.01353765108566,9.621707355465182,50.84588759179755
2026-01-17 09:00:00,100.42321486740678,13.189078657574917,50.72742548272904
2026-01-17 10:00:00,105.3185553731527,15.416891470010833,49.97258071571306
2026-01-17 11:00:00,107.33677627859572,16.00159078214797,49.43569352330165
2026-01-17 12:00:00,112.13974781150533,17.833532064665395,51.13421578453779
2026-01-17 13:00:00,114.46975811263543,17.343817061172604,47.04113507605158
2026-01-17 14:00:00,122.77083729597757,17.488429495003814,49.06535981940572
2026-01-17 15:00:00,119.68120662959095,14.737218739755125,47.24434355989208
2026-01-17 16:00:00,122.3122846198606,14.094543909931742,52.075316706186044
2026-01-17 17:00:00,126.37264864579564,12.795164144985435,51.773194334568565
2026-01-17 18:00:00,131.1360550868079,11.560164119048817,50.50242868990739
2026-01-17 19:00:00,124.35706761631076,7.409388241663144,55.36500132014493
2026-01-17 20:00:00,123.2604283453613,6.452379477675482,56.28556917831395
2026-01-17 21:00:00,118.18389584383361,3.101241812126934,58.70854116228716
2026-01-17 22:00:00,119.88368503669349,1.4597257183288805,66.14624315213995
2026-01-17 23:00:00,116.15464071236798,1.4500499289761641,60.54462204989543
2026-01-18 00:00:00,109.7259506292672,-3.682922993182849,64.21465006401426
2026-01-18 01:00:00,108.62167305467287,-2.9447084921121416,58.06341392085928
2026-01-18 02:00:00,101.93173220643634,-2.916610532765846,61.650666370274244
2026-01-18 03:00:00,98.5227056787724,-3.2946528138324043,63.84650197769687
2026-01-18 04:00:00,96.82132268555429,0.6186423090883073,59.44752812419943
2026-01-18 05:00:00,99.70484248238657,4.6241508495916115,62.4458021004601
2026-01-18 06:00:00,97.95582365506704,5.243302494503451,57.310544678208586
2026-01-18 07:00:00,95.5433270799085,8.296685122912779,59.22798464962454
2026-01-18 08:00:00,98.58763368729569,11.963197650988874,52.61455578136
2026-01-18 09:00:00,104.60223222668719,14.491529198401537,50.5184601505435
2026-01-18 10:00:00,104.85587218942484,14.260254128589718,50.32540735399072
2026-01-18 11:00:00,105.30281492262114,17.824607468414044,47.751702780133144
2026-01-18 12:00:00,111.65901641195495,16.83152242425278,53.69116706974736
2026-01-18 13:00:00,110.64115971238095,15.743902664258806,42.4460456883393
2026-01-18 14:00:00,119.83290859480967,15.801731908303513,43.353977240041154
2026-01-18 15:00:00,122.53595473908021,13.573423865212423,49.51174841466172
2026-01-18 16:00:00,124.25088788286457,13.03176025007845,51.61817544574995
2026-01-18 17:00:00,126.44515414029276,11.962974967888357,54.49993329998136
2026-01-18 18:00:00,128.38901268474103,11.534748934990592,54.19146244608996
2026-01-18 19:00:00,132.26829712702485,10.581154746748977,52.38233846395911
2026-01-18 20:00:00,124.96529608880874,3.5973563210117523,62.17924602291588
2026-01-18 21:00:00,125.38587411088798,4.089241202389881,61.81919324754629
2026-01-18 22:00:00,122.61954290845343,0.07522306058477435,62.49199504534688
2026-01-18 23:00:00,117.78656829235273,0.9178169986348576,64.15371911855264
2026-01-19 00:00:00,118.89445518932558,-0.8899624126332051,63.52990572040295
2026-01-19 01:00:00,112.18431683290407,-3.7463587387712955,63.31263791066839
2026-01-19 02:00:00,111.98813817266098,0.6991130507511114,63.534160076399125
2026-01-19 03:00:00,105.24177896261327,-0.7017297032730436,62.893223130354464
2026-01-19 04:00:00,107.994441953977,0.8351886117607406,61.33586865085487
2026-01-19 05:00:00,109.42744274729213,1.895371383065466,64.90256361011635
2026-01-19 06:00:00,108.99412633108766,4.68920367904598,50.896020671142956
2026-01-19 07:00:00,103.10790357465012,8.641835661042375,50.83347896068739
2026-01-19 08:00:00,107.50431699819156,10.045504894518077,50.40238480526243
2026-01-19 09:00:00,113.0218537087521,12.992993003423722,50.5158236545546
2026-01-19 10:00:00,112.2026577403476,14.906843811572193,49.310700441444155
2026-01-19 11:00:00,117.56612534578014,17.7752211173522,43.2578461627991
2026-01-19 12:00:00,114.2031071606005,16.179153210305046,46.10120333482349
2026-01-19 13:00:00,120.27203612919851,14.784713274731402,47.58970434464417
2026-01-19 14:00:00,125.2822241634227,18.29416606145959,54.73693942706001
2026-01-19 15:00:00,130.20147535781675,15.296996375914066,55.16762874251019
2026-01-19 16:00:00,131.24061305592673,16.035849697544997,47.93607198891006
2026-01-19 17:00:00,136.9750405764749,13.075065669773705,50.449197593260635
2026-01-19 18:00:00,139.5126136191685,10.132665110617673,50.44625591994098
2026-01-19 19:00:00,136.10495694668927,8.523163841069444,49.45707768746864
2026-01-19 20:00:00,135.62866636236592,8.597147434266763,54.77164149336102
2026-01-19 21:00:00,131.37124307416576,6.6154707935806325,53.71406741540341
2026-01-19 22:00:00,129.5850162209997,1.740110672020244,60.35335986739778
2026-01-19 23:00:00,125.69150277449961,0.4460572559156676,56.84253664813703
2026-01-20 00:00:00,120.57755176391518,0.9210277995979632,58.97725438539086
2026-01-20 01:00:00,118.29668227825869,-2.2684915491510207,64.2606745252293
2026-01-20 02:00:00,114.34816380744655,-0.19372687767423247,63.2536102954912
2026-01-20 03:00:00,108.6749441610604,0.16697709400926825,63.11883420101863
2026-01-20 04:00:00,107.00092357515378,2.106901286507403,56.353012018322964
2026-01-20 05:00:00,107.64789240455019,2.2499467910758923,62.76409975754597
2026-01-20 06:00:00,105.00927466030632,3.28627735411386,56.970343026903365
2026-01-20 07:00:00,101.98089104164441,4.890524846013062,59.986153867011474
2026-01-20 08:00:00,105.51891702781532,8.653295236438273,55.0454477809948
2026-01-20 09:00:00,104.76628160686545,11.811987072591,48.421247844693355
2026-01-20 10:00:00,110.13329983495954,13.924173650705784,49.91206796569181
2026-01-20 11:00:00,118.03456297429412,18.700075377704223,48.13603092402793
2026-01-20 12:00:00,120.40072681860217,18.352322491462562,49.15703814825375
2026-01-20 13:00:00,123.21087674791275,15.556863325487559,49.131545647276695
2026-01-20 14:00:00,125.73067263538314,17.21489511527805,52.82342057958072
2026-01-20 15:00:00,130.99441669127384,15.18361127953446,52.87564328933211
2026-01-20 16:00:00,134.67233019815194,13.937415273618786,50.08010543190571
2026-01-20 17:00:00,128.917221938042,12.777988474123074,54.027974657112374
2026-01-20 18:00:00,138.80868950571175,11.25812808138578,58.79487799045594
2026-01-20 19:00:00,129.16112940232404,7.491112274173979,61.888563983009895
2026-01-20 20:00:00,133.65560853727987,7.266405893178851,52.50287564298943
2026-01-20 21:00:00,133.96883683884062,1.7870926607863966,57.79072653789943
2026-01-20 22:00:00,130.08882241931295,1.6455475628644787,65.13831830990998
2026-01-20 23:00:00,127.28887104611115,4.102281955833803,55.54333128282004
2026-01-21 00:00:00,120.88718785631775,-0.35871282266370247,58.319346858255926
2026-01-21 01:00:00,123.27523541448545,1.1498217599092593,59.62156019997545
2026-01-21 02:00:00,111.66866873690549,-0.5560521693418029,63.7055218638972
2026-01-21 03:00:00,114.39783732576404,1.0769370089347479,60.83126027301891
2026-01-21 04:00:00,109.30151342825258,1.550864177732035,58.8076177965976
2026-01-21 05:00:00,103.5899312644755,3.2443886282536942,57.38185171222352
2026-01-21 06:00:00,102.1090431266538,4.501404998989184,56.26186480757053
2026-01-21 07:00:00,102.71805315758442,8.64545203843633,52.44510948327411
2026-01-21 08:00:00,106.750025828702,9.052065622144035,61.60324613411296
2026-01-21 09:00:00,111.58209018994481,13.498377854470144,52.09383092998055
2026-01-21 10:00:00,109.71212715675716,15.991891537347792,51.86676393333598
2026-01-21 11:00:00,114.15343218305208,16.344025744915793,47.457546999710594
2026-01-21 12:00:00,116.21770026892756,16.263959336268076,48.430962499427395
2026-01-21 13:00:00,126.34299715173206,17.680948368963044,45.714579360718496
2026-01-21 14:00:00,124.17966003638597,16.230322853281997,41.0606167126168
2026-01-21 15:00:00,135.34809187083005,17.19754932225767,44.107932711650264
2026-01-21 16:00:00,132.0776445243695,11.616851904356244,47.27466243657382
2026-01-21 17:00:00,131.82622742215025,11.99658894782203,45.653377507887555
2026-01-21 18:00:00,130.97061525921893,7.343153413236693,52.53940034651634
2026-01-21 19:00:00,130.8788500515876,5.757408754659194,61.36894003441754
2026-01-21 20:00:00,132.93059166438036,7.7164219387981765,55.69355394584839
2026-01-21 21:00:00,134.50104904528826,4.842777472957532,61.9974693085975
2026-01-21 22:00:00,126.84561842199264,0.5568186193938904,62.787492835187514
2026-01-21 23:00:00,118.38157185651777,-2.047983818121291,65.98606353164251
2026-01-22 00:00:00,115.37291259855422,-5.140125693364092,63.40940956877754
2026-01-22 01:00:00,111.61145270462798,-1.8152432618989518,65.02404747209718
2026-01-22 02:00:00,114.87084459671799,2.9372900817694885,61.83631063680745
2026-01-22 03:00:00,109.9378597631212,0.8580977731355239,59.583579904790504
2026-01-22 04:00:00,105.23589539220904,0.7966805402468382,63.04127667965103
2026-01-22 05:00:00,111.45967900259018,4.19762031425046,60.34046702432413
2026-01-22 06:00:00,104.74258797891724,3.329191064585649,57.68798928494123
2026-01-22 07:00:00,105.53701741931991,7.554014955953547,52.588482738424176
2026-01-22 08:00:00,102.31785877829053,10.478587615446294,50.06474491194815
2026-01-22 09:00:00,105.71082917560287,12.370849022268427,52.36283740794964
2026-01-22 10:00:00,112.49776766283485,15.550170213214049,50.54089343579671
2026-01-22 11:00:00,113.33555889720799,16.311196473414025,46.573465329895036
2026-01-22 12:00:00,121.89555900817962,17.69582146376361,47.92309885296741
2026-01-22 13:00:00,119.91514223508679,15.967441576653862,50.93765784709237
2026-01-22 14:00:00,126.88467833252656,18.04005554921744,49.42252770462195
2026-01-22 15:00:00,131.63439492830892,18.237634055495935,52.065533115970716
2026-01-22 16:00:00,132.83802011130902,12.908736751201811,55.50395309563268
2026-01-22 17:00:00,132.51841481865043,11.16845651642816,50.061360488587844
2026-01-22 18:00:00,137.21832038686728,12.333047910403039,57.18432030029164
2026-01-22 19:00:00,136.02445900220573,7.712984019957411,54.236683270366925
2026-01-22 20:00:00,135.79316164833241,7.776360682177148,58.91352989162156
2026-01-22 21:00:00,134.26340781376481,2.836196432161727,59.93500273242388
2026-01-22 22:00:00,133.76204779354774,3.818607333727143,57.70866599764739
2026-01-22 23:00:00,128.05997956507912,0.4030000911482329,56.25450934775662
2026-01-23 00:00:00,122.82770604684517,-0.30598920161757237,61.73009783064501
2026-01-23 01:00:00,123.43690229879195,1.3470770325048567,56.24418866807929
2026-01-23 02:00:00,115.27644911578867,-1.235988152767872,65.89068822974261
2026-01-23 03:00:00,109.4889695149285,-1.2059117779473847,67.51510739377565
2026-01-23 04:00:00,107.73733371350616,0.9631926572785409,58.83871290628709
2026-01-23 05:00:00,111.37378081424069,4.178500925964709,59.56311148678605
2026-01-23 06:00:00,101.1914230052893,3.3219899858065416,57.16623344533084
2026-01-23 07:00:00,107.27780458374266,8.956206353976683,52.949580726408286
2026-01-23 08:00:00,101.54597939335363,9.521214429496071,56.706512567999255
2026-01-23 09:00:00,109.5558953319043,14.221718991100346,50.50701002158948
2026-01-23 10:00:00,112.18521184771572,10.77257057332822,58.60088766713046
2026-01-23 11:00:00,115.35090977714663,14.614379971403695,48.86179858676828
2026-01-23 12:00:00,117.04106530277214,14.163630209750462,53.6671048296231
2026-01-23 13:00:00,119.96590667025015,15.76065580045407,49.68371559851009
2026-01-23 14:00:00,126.71574792694369,17.06483128826503,50.735468998620675
2026-01-23 15:00:00,129.69480293018017,15.525388695885315,48.23821607130191
2026-01-23 16:00:00,130.98394442766704,13.983894677256908,50.66420774553973
2026-01-23 17:00:00,133.98433036322342,12.261222692929909,51.84452520775927
2026-01-23 18:00:00,137.09916630764627,10.634453766852605,50.984265641980556
2026-01-23 19:00:00,133.41716229107212,6.487195937085341,58.79648785407698
2026-01-23 20:00:00,133.8281242419504,6.730903055425888,58.56602457239438
2026-01-23 21:00:00,130.73401227223667,4.4939989555782285,60.18546492025411
2026-01-23 22:00:00,131.5398538534883,2.213595875805227,64.84002026110875
2026-01-23 23:00:00,129.67795903448751,1.0405715300669494,65.51557717965535
2026-01-24 00:00:00,118.52702165443844,-0.24870543538862588,61.0741302787635
2026-01-24 01:00:00,116.88882653864837,2.052609954096601,61.47706899202525
2026-01-24 02:00:00,108.19402721806782,-0.82397369318038,60.78837688676966
2026-01-24 03:00:00,103.7453028939664,-0.25485346156181227,62.273948717593115
2026-01-24 04:00:00,99.68985387796387,0.5057475987850055,59.7961535736154
2026-01-24 05:00:00,95.88969707898231,1.9516059941332458,65.29892613210156
2026-01-24 06:00:00,92.90169257102778,3.8039209126757,60.04795772088833
2026-01-24 07:00:00,99.80858774103191,6.666804030153623,56.01246939156383
2026-01-24 08:00:00,97.31422702966391,10.223350833444579,57.40217504881346
2026-01-24 09:00:00,98.43542597057095,13.001442692746572,45.086999616416506
2026-01-24 10:00:00,103.41342482960303,14.44067411850717,44.40515292059839
2026-01-24 11:00:00,105.84983596944464,14.645925717915379,52.67077539132701
2026-01-24 12:00:00,107.84173364418143,18.04360928263156,47.74651791824686
2026-01-24 13:00:00,117.51882658239045,18.109119008451422,48.26404369402114
2026-01-24 14:00:00,118.61909714392891,16.45385997546859,44.857723709669486
2026-01-24 15:00:00,118.06717409275586,14.81485441706288,50.078415333798596
2026-01-24 16:00:00,127.43693527389108,15.186602911923629,55.86124590166512
2026-01-24 17:00:00,129.3432603813908,12.781960381229156,54.24703055440426
2026-01-24 18:00:00,123.13600893219285,8.157180516800118,55.98337522198834
2026-01-24 19:00:00,130.86148634446138,7.898029616023394,54.36441457686647
2026-01-24 20:00:00,129.65197602412474,6.063682312188884,55.96533559464071
2026-01-24 21:00:00,124.12452055821032,2.1504578202683717,53.89204007618525
2026-01-24 22:00:00,125.93678634621796,1.9208040585772403,61.23627801590169
2026-01-24 23:00:00,117.61514576439586,-1.9764623619466288,66.11761921500286
2026-01-25 00:00:00,116.06700963607031,1.3109467134166413,56.224384647754846
2026-01-25 01:00:00,110.91370678313413,0.8719249775891478,59.318209341008235
2026-01-25 02:00:00,107.51571052529955,-1.0721084380560622,59.38529285374458
2026-01-25 03:00:00,104.78239892042056,0.7509528726986626,58.503184117414776
2026-01-25 04:00:00,96.7470960944974,-1.9788439793787402,63.743520063968695
2026-01-25 05:00:00,93.11802363239173,1.7654785096020016,54.334410727352974
2026-01-25 06:00:00,95.22816586095044,5.229960213849119,59.6588431439919
2026-01-25 07:00:00,94.4272391395018,6.391800467859712,59.14812483551328
2026-01-25 08:00:00,94.77304682605161,11.400966129868674,52.125919331994325
2026-01-25 09:00:00,98.20739834044846,15.495944796121991,42.161118633148774
2026-01-25 10:00:00,101.82369060436713,12.599038951534975,48.93151296076485
2026-01-25 11:00:00,98.10452337840184,14.538033527932159,54.068278979962365
2026-01-25 12:00:00,108.72567421869627,17.04650498906651,40.02881316656107
2026-01-25 13:00:00,115.05042709222676,19.416674222749432,45.4240903852199
2026-01-25 14:00:00,119.8552553461663,14.85977096779176,46.57218089036482
2026-01-25 15:00:00,121.33305668991932,16.16778281752036,51.47948465073822
2026-01-25 16:00:00,128.94212749897463,17.09590930689859,46.29793069805074
2026-01-25 17:00:00,124.40611298774661,10.022361277731099,55.19397304002195
2026-01-25 18:00:00,125.47949060395095,8.407767595653942,56.97016718098412
2026-01-25 19:00:00,128.35828147110234,7.364590090308744,61.61700544694306
2026-01-25 20:00:00,124.94194105806957,4.889745974794196,57.479377389138534
2026-01-25 21:00:00,127.93171495227898,4.7189019316304694,59.35301156356346
2026-01-25 22:00:00,120.56967702248085,1.998528549052333,55.94601072337582
2026-01-25 23:00:00,115.96924766527675,-2.456671723523138,67.53657806869974
2026-01-26 00:00:00,123.24096676497211,0.07978316774960115,59.65464692158622
2026-01-26 01:00:00,119.96952637582208,-1.8663083310334758,61.810784172563544
2026-01-26 02:00:00,122.20328839505281,1.2183383888102435,60.95858590440417
2026-01-26 03:00:00,110.75155885276688,-0.7356099387153267,57.899834914952706
2026-01-26 04:00:00,104.06725051387266,0.6811160446677189,62.14141725105264
2026-01-26 05:00:00,103.6992966660131,4.311697416206798,61.45304088580959
2026-01-26 06:00:00,107.60555291413145,6.815018317582718,57.4267868164257
2026-01-26 07:00:00,108.10215761554085,8.672149045904305,50.29558807074038
2026-01-26 08:00:00,105.07127543924084,7.800975429845473,55.38779177313464
2026-01-26 09:00:00,106.24361343240899,13.307051659892377,53.580445381024575
2026-01-26 10:00:00,111.2773175763501,12.81249895316733,46.11603453956841
2026-01-26 11:00:00,112.32402359250622,16.147142801442342,45.85798771739299
2026-01-26 12:00:00,119.08136829908493,14.557730783503025,52.98344618544213
2026-01-26 13:00:00,131.07436703714134,17.669483221314596,48.67469972554019
2026-01-26 14:00:00,129.0772863880129,15.483434080140556,50.849167482267816
2026-01-26 15:00:00,130.79231156243964,13.870276658669166,56.4822630959346
2026-01-26 16:00:00,133.4923042096807,15.434691235402529,51.05790534719659
2026-01-26 17:00:00,131.46147412634707,12.862466782515128,53.68369060528743
2026-01-26 18:00:00,133.13813729818267,9.408406203833344,62.6055116185883
2026-01-26 19:00:00,135.20645408868847,10.176768273531598,53.21717170690325
2026-01-26 20:00:00,130.97948148238976,5.009649961722699,55.598631739766354
2026-01-26 21:00:00,136.75114867194225,3.5481615109564046,60.44485998597627
2026-01-26 22:00:00,132.7520582962408,2.0394091408389774,61.6854457754955
2026-01-26 23:00:00,127.8215609036061,-0.7237275352528658,60.99883585236367
2026-01-27 00:00:00,123.38888355641909,0.01337200349827894,58.892111338536836
2026-01-27 01:00:00,117.97867231912683,-1.8001785207470866,70.3696760828679
2026-01-27 02:00:00,116.69771455384196,-1.310789919925929,64.02916234710482
2026-01-27 03:00:00,114.06160374421404,2.2497353256450645,58.00335559527772
2026-01-27 04:00:00,109.19606411735043,0.07515989055242267,64.68766299439686
2026-01-27 05:00:00,102.68084326192329,-0.1191704963942346,61.76790094243139
2026-01-27 06:00:00,106.07603730380401,8.087034086595155,54.77172839177038
2026-01-27 07:00:00,106.05076137904389,11.823991928910505,54.22762507261507
2026-01-27 08:00:00,101.19112608807147,9.721467507748688,50.34717918910598
2026-01-27 09:00:00,103.58588019655495,9.594742939069722,55.382087260495744
2026-01-27 10:00:00,109.8374403570681,13.898235066385013,56.62027637008724
2026-01-27 11:00:00,110.97755973739993,15.364894209298944,51.10661761915277
2026-01-27 12:00:00,117.56245043087583,16.40844667506823,47.74460634859503
2026-01-27 13:00:00,121.22549985999547,15.329917937117228,48.21474980902149
2026-01-27 14:00:00,122.0588805045193,17.562674150316333,46.718840759711604
2026-01-27 15:00:00,127.78401001394204,16.58098969698908,47.97332020826539
2026-01-27 16:00:00,131.57945406240339,12.12235260094997,51.16869832096521
2026-01-27 17:00:00,137.1548205938729,13.548795097542332,53.90989824518984
2026-01-27 18:00:00,137.37585893100692,13.408398878841526,46.07365358729983
2026-01-27 19:00:00,137.61222284363242,8.257940498655591,57.979647752311934
2026-01-27 20:00:00,138.03224529061413,5.164640850974553,56.72922774379268
2026-01-27 21:00:00,136.08054367784484,3.286995178388721,60.501247214375134
2026-01-27 22:00:00,132.1602262679599,2.558924119773918,56.571896973578276
2026-01-27 23:00:00,123.83989434783854,-2.3902360423207725,67.89808203440492
2026-01-28 00:00:00,121.00300584785674,-0.44674638213566176,66.09430198622415
2026-01-28 01:00:00,119.14136599874445,-1.5856959241942152,66.1473283166056
2026-01-28 02:00:00,118.5005716399923,2.078405082832453,55.79301160635342
2026-01-28 03:00:00,113.91032651792986,-0.055487734767383945,64.53175340101207
2026-01-28 04:00:00,112.24389195864535,4.137870386000352,59.90426895410685
2026-01-28 05:00:00,108.07071896824986,1.8443889533269902,55.708675095940706
2026-01-28 06:00:00,107.13800009302146,6.551517344281502,56.68589397326235
2026-01-28 07:00:00,108.49929955650387,8.479100395686844,56.31032315055031
2026-01-28 08:00:00,108.3538854868372,9.025800534125512,56.447585394169046
2026-01-28 09:00:00,107.41990375347893,12.76609417195541,52.31890876328224
2026-01-28 10:00:00,108.51485254436724,16.182739285926328,49.92750282180108
2026-01-28 11:00:00,117.68108088278426,15.308541077630046,54.17400131465525
2026-01-28 12:00:00,117.90201033494658,14.15538846284697,54.353790959454464
2026-01-28 13:00:00,118.52150344350092,16.97365576028383,39.81991053042471
2026-01-28 14:00:00,122.69531638342858,15.339697794412846,48.77592609995668
2026-01-28 15:00:00,130.9027747680046,15.280717226064125,49.281473136516844
2026-01-28 16:00:00,132.85779815627552,14.241579376151249,45.35044078089808
2026-01-28 17:00:00,131.61084255645747,9.941521675976723,54.32933183391556
2026-01-28 18:00:00,136.71449305609164,7.905883896941672,59.42156619967818
2026-01-28 19:00:00,134.8574687351794,8.72310025328829,51.761816218597595
2026-01-28 20:00:00,132.39278644723572,4.8865505498227915,59.09996237621139
2026-01-28 21:00:00,129.41278067751495,-0.34711651273084776,59.53022277829537
2026-01-28 22:00:00,131.77373519161344,2.8133050242332787,57.73361990957435
2026-01-28 23:00:00,129.19036014007895,0.6143259988514144,65.94072010342897
2026-01-29 00:00:00,125.05546676567592,-1.764144672656341,61.7836422777896
2026-01-29 01:00:00,118.19690153938663,-2.9752453165873622,65.76683372030176
2026-01-29 02:00:00,117.44753722481457,0.5603794078698905,55.93804212552113
2026-01-29 03:00:00,112.167738767653,0.7297972997806972,67.00311484436008
2026-01-29 04:00:00,112.66229368706465,5.209942393347182,59.640003424241755
2026-01-29 05:00:00,108.69975352738537,4.1302828980874065,58.148274153579294
2026-01-29 06:00:00,107.31607517817231,6.252183305970336,58.72489288522342
2026-01-29 07:00:00,107.78321710162632,7.749608104837153,51.57085522928684
2026-01-29 08:00:00,109.90684068662767,11.554535206723873,56.30396405987887
2026-01-29 09:00:00,110.67047106385141,13.43762780187223,50.277943432012925
2026-01-29 10:00:00,112.00181663899556,16.24154854352672,48.394552620033316
2026-01-29 11:00:00,114.63969320634331,15.01224425610402,48.51523775022033
2026-01-29 12:00:00,118.23294839266435,16.040221227185672,47.425868810014705
2026-01-29 13:00:00,122.72363913665637,16.28134524363203,51.0589356399796
2026-01-29 14:00:00,133.791339206246,17.8795350183701,48.46409253561659
2026-01-29 15:00:00,133.52779219268604,18.041790294505045,49.52181218860508
2026-01-29 16:00:00,134.7913508599593,13.675700290954978,51.0330556987793
2026-01-29 17:00:00,138.07184477382108,11.862839408310363,54.04932790658325
2026-01-29 18:00:00,138.15807638403922,10.800487241727389,52.10306397484297
2026-01-29 19:00:00,142.69172893287165,7.6313577499806495,62.584109324244125
2026-01-29 20:00:00,137.8749225411245,7.098709073787147,51.61724149167878
2026-01-29 21:00:00,131.7049958883454,0.12233406407143255,65.6849447194318
2026-01-29 22:00:00,126.98195633045,0.39598139894573414,65.78693723300633
2026-01-29 23:00:00,124.11719871292911,-0.9678531350021142,60.21780609010491
2026-01-30 00:00:00,119.5369755911751,-4.173866455180832,72.02691399581259
2026-01-30 01:00:00,118.81801807465888,-2.445457666553206,66.94283698207852
2026-01-30 02:00:00,114.5448637239191,-2.0660666103705045,66.56627030876514
2026-01-30 03:00:00,114.34887856225598,-0.09588561583819266,62.16077505374818
2026-01-30 04:00:00,110.95601029947542,3.3054878068114677,58.703931279894796
2026-01-30 05:00:00,106.10808648405849,3.132409023213947,58.86584630031002
2026-01-30 06:00:00,110.71760607948274,4.124408013670583,59.872065378022086
2026-01-30 07:00:00,107.9486040794879,7.9145681881797065,59.87190427455792
2026-01-30 08:00:00,107.09247383047374,11.90313183808471,53.02143718311649
2026-01-30 09:00:00,105.60069826170178,11.036061775827642,50.43681970992601
2026-01-30 10:00:00,106.97632691438633,12.998098704796755,54.07480222331753
2026-01-30 11:00:00,117.05494556929601,16.632052072971284,51.45781058080735
2026-01-30 12:00:00,118.3849665862437,16.361028263005416,50.87515597493902
2026-01-30 13:00:00,124.3037409351553,17.97122703606421,49.859515090723576
2026-01-30 14:00:00,127.29695592463031,16.67286224890867,47.848925810399635
2026-01-30 15:00:00,133.6680064259515,16.846724106194298,45.735653213652824
2026-01-30 16:00:00,130.76137612022225,12.811343859617969,49.14634462038328
2026-01-30 17:00:00,132.16447116058998,12.481873023817599,47.108111835572345
2026-01-30 18:00:00,136.02882809869345,10.013336384377954,54.700176727135485
2026-01-30 19:00:00,136.25175142087878,6.176163613843806,56.80872275924518
2026-01-30 20:00:00,134.0588855012109,3.3254116722742797,58.01970754859145
2026-01-30 21:00:00,132.2215170843491,4.528623552911995,49.5102446846352
2026-01-30 22:00:00,131.56617257355646,1.1096103959941088,57.37035927412221
2026-01-30 23:00:00,124.04941776837795,-1.3276490565309396,66.42464119943425
